candleInterval,tp1RR,z1min,z1max,tp1SizePercent,moveSlToBreakeven,totalTrades,winRate,profitFactor,maxDrawdown,expectancy,finalCapital,sharpeRatio,sortinoRatio
1,1.5,1.95,2.06,100,false,234,94.02,15.4712,1.00,0.8658,74977.48,1.8165,3.5396
1,2,1.95,2.06,100,false,234,91.03,14.0040,1.00,1.1670,150228.39,1.7006,3.8956
1,1.5,1.9,2.06,100,false,236,92.37,13.5783,1.99,0.9594,94833.62,1.6943,3.4738
1,1.5,1.95,2.1,100,false,234,91.88,12.4308,1.00,0.9281,86534.99,1.6099,3.2572
1,2.5,1.95,2.06,100,false,234,86.75,11.6286,1.99,1.4081,260898.25,1.4877,3.8685
1,3,1.95,2.06,100,false,234,82.48,10.2188,1.99,1.6153,417906.76,1.3343,3.8589
2,1.5,1.95,2.06,100,false,388,91.24,10.1921,2.97,0.8055,223462.08,1.4274,2.7211
1,2,1.95,2.1,100,false,234,86.75,9.9309,1.99,1.1832,155466.41,1.3819,3.2506
1,1.5,1.85,2.06,100,false,241,87.97,8.7602,2.97,0.9338,93357.38,1.3012,2.6919
1,1.5,1.95,2.15,100,false,234,87.61,8.3794,1.99,0.9145,83666.49,1.2670,2.5978
4,1.5,1.95,2.06,100,false,461,89.15,8.1112,2.99,0.7713,342275.72,1.2372,2.3419
1,2,1.9,2.06,100,false,236,83.90,8.0503,1.99,1.1352,142075.00,1.2103,2.8291
1,1.5,1.9,2.1,100,false,236,86.86,7.8479,1.99,0.8995,82230.27,1.2150,2.4819
2,2,1.95,2.06,100,false,388,84.54,7.5026,2.97,1.0056,478369.38,1.1665,2.5571
3,1.5,1.95,2.06,100,false,445,88.31,7.4521,2.06,0.7540,280324.66,1.1727,2.2056
5,1.5,1.95,2.06,100,false,462,88.10,7.3051,2.05,0.7506,313505.72,1.1595,2.1755
4,2,1.95,2.06,100,false,461,83.73,7.1213,2.60,0.9959,946705.09,1.1249,2.4690
1,2.5,1.95,2.1,100,false,234,77.78,6.7744,2.97,1.2832,194205.04,1.0492,2.7221
1,2,1.85,2.06,100,false,241,80.50,6.7549,2.97,1.1223,145366.19,1.0720,2.5414
1,2.5,1.9,2.06,100,false,236,76.69,6.4746,3.94,1.2759,195629.96,1.0150,2.6429
1,1.5,1.85,2.1,100,false,241,83.82,6.4224,2.97,0.8775,81445.33,1.0616,2.1813
5,2,1.95,2.06,100,false,462,82.25,6.4174,2.68,0.9615,816044.89,1.0510,2.2823
4,1.5,1.95,2.1,100,false,461,85.25,6.3625,3.94,0.7910,373113.09,1.0572,2.0595
2,1.5,1.95,2.1,100,false,388,85.31,6.3510,2.97,0.7861,206454.76,1.0571,2.0510
6,1.5,1.95,2.06,100,false,479,86.43,6.3268,2.08,0.7228,311471.96,1.0517,1.9623
2,1.5,1.9,2.06,100,false,397,84.89,6.2681,3.94,0.7962,230334.89,1.0475,2.0480
3,2,1.95,2.06,100,false,445,81.80,6.2213,3.94,0.9504,660528.00,1.0277,2.2276
2,2.5,1.95,2.06,100,false,388,77.84,6.2108,3.94,1.1550,839415.30,1.0007,2.4532
2,3,1.95,2.06,100,false,388,73.71,6.0635,3.94,1.3311,1629538.82,0.9532,2.5962
6,2,1.95,2.06,100,false,479,81.21,6.0176,2.97,0.9428,876879.78,1.0037,2.1750
4,2.5,1.95,2.06,100,false,461,76.14,5.6883,3.94,1.1187,1633898.61,0.9389,2.2901
5,1.5,1.95,2.1,100,false,462,83.77,5.6830,2.93,0.7602,326246.85,0.9785,1.8868
3,1.5,1.95,2.1,100,false,445,83.60,5.6124,2.97,0.7566,282438.24,0.9689,1.8681
3,2.5,1.95,2.06,100,false,445,75.73,5.5694,4.90,1.1090,1311347.23,0.9251,2.2511
1,3,1.95,2.1,100,false,234,70.09,5.5133,3.94,1.3501,224436.07,0.8779,2.4685
5,2.5,1.95,2.06,100,false,462,75.54,5.5058,4.90,1.1021,1530567.00,0.9185,2.2284
1,2,1.9,2.1,100,false,236,77.12,5.4692,3.94,1.0226,108797.57,0.9269,2.1378
2,2,1.95,2.1,100,false,388,78.09,5.3926,2.97,0.9623,402460.87,0.9237,2.0560
1,3,1.9,2.06,100,false,236,69.07,5.3337,3.94,1.3405,225128.79,0.8546,2.4103
1,1.5,1.85,2.15,100,false,241,80.08,5.1422,2.97,0.8250,71718.07,0.9054,1.8486
1,1.5,1.9,2.15,100,false,236,80.51,5.1348,3.94,0.8059,65872.36,0.9060,1.8255
6,1.5,1.95,2.1,100,false,479,82.25,5.1312,1.99,0.7331,325629.22,0.9077,1.7403
4,1.5,1.9,2.06,100,false,477,81.97,5.1048,3.94,0.7401,331552.29,0.9040,1.7429
6,2.5,1.95,2.06,100,false,479,73.90,5.0752,3.94,1.0635,1531202.42,0.8640,2.0818
2,2,1.9,2.06,100,false,397,76.32,4.9564,4.42,0.9368,395983.36,0.8668,1.9252
1,2,1.95,2.15,100,false,234,75.21,4.9226,3.94,0.9723,94806.11,0.8577,1.9529
3,1.5,1.9,2.06,100,false,464,81.25,4.8727,3.94,0.7261,282507.10,0.8732,1.6769
1,2,1.85,2.1,100,false,241,74.27,4.8681,2.97,0.9951,106965.66,0.8464,1.9620
1,2.5,1.85,2.06,100,false,241,70.12,4.8655,2.97,1.1549,155441.32,0.8198,2.1128
4,3,1.95,2.06,100,false,461,68.76,4.8045,5.85,1.1884,2206251.74,0.8027,2.1263
2,1.5,1.9,2.1,100,false,397,80.10,4.7585,4.75,0.7479,189757.45,0.8571,1.6766
2,1.5,1.85,2.06,100,false,412,79.85,4.7387,3.94,0.7532,216623.80,0.8541,1.6781
4,2,1.95,2.1,100,false,461,75.49,4.6915,4.90,0.9049,619055.04,0.8313,1.8277
5,1.5,1.9,2.06,100,false,485,80.62,4.6708,2.97,0.7115,306083.84,0.8459,1.6160
1,2.5,1.9,2.1,100,false,236,69.07,4.5959,3.94,1.1123,132928.77,0.7860,1.9999
2,1.5,1.95,2.15,100,false,388,79.38,4.5522,2.97,0.7324,167146.82,0.8282,1.6129
5,3,1.95,2.06,100,false,462,67.53,4.5371,4.90,1.1484,1858163.74,0.7690,2.0155
3,3,1.95,2.06,100,false,445,67.42,4.5130,5.85,1.1447,1507870.38,0.7652,2.0053
2,2.5,1.95,2.1,100,false,388,69.85,4.4730,4.06,1.0473,550083.74,0.7772,1.9071
3,2,1.95,2.1,100,false,445,74.16,4.3731,4.90,0.8717,463021.81,0.7870,1.7147
4,1.5,1.95,2.15,100,false,461,78.31,4.2917,4.90,0.7140,260837.19,0.7900,1.5331
1,2.5,1.95,2.15,100,false,234,67.52,4.2796,3.94,1.0652,116530.93,0.7429,1.8690
5,2,1.95,2.1,100,false,462,73.59,4.2439,4.90,0.8566,500128.85,0.7689,1.6670
6,1.5,1.9,2.06,100,false,500,79.00,4.2425,2.97,0.6809,292043.66,0.7837,1.4859
2,2.5,1.9,2.06,100,false,397,68.01,4.1696,8.75,1.0140,528598.01,0.7330,1.7927
4,2,1.9,2.06,100,false,477,72.33,4.0418,4.90,0.8418,528587.92,0.7372,1.6002
1,2,1.9,2.15,100,false,236,70.34,4.0070,3.94,0.8919,79876.28,0.7254,1.6377
3,1.5,1.85,2.06,100,false,492,76.83,3.9866,4.75,0.6920,291325.95,0.7436,1.4376
6,3,1.95,2.06,100,false,479,64.51,3.9820,5.85,1.0583,1465537.86,0.6912,1.7765
6,2,1.95,2.1,100,false,479,72.23,3.9793,5.85,0.8272,501769.66,0.7285,1.5699
5,1.5,1.85,2.06,100,false,512,76.76,3.9668,3.55,0.6895,329937.67,0.7409,1.4303
2,3,1.95,2.1,100,false,388,62.37,3.8970,8.65,1.0901,638300.90,0.6705,1.7771
2,1.5,1.85,2.1,100,false,412,75.73,3.8678,5.65,0.6961,170984.79,0.7243,1.4129
2,2,1.95,2.15,100,false,388,70.10,3.7945,6.79,0.8355,245436.36,0.6963,1.5280
1,3,1.85,2.06,100,false,241,60.17,3.7917,6.79,1.1120,138755.79,0.6462,1.7619
4,1.5,1.9,2.1,100,false,477,76.10,3.7823,4.90,0.6649,231172.05,0.7114,1.3602
2,2,1.9,2.1,100,false,397,69.77,3.7384,8.65,0.8277,256362.57,0.6873,1.5055
3,2,1.9,2.06,100,false,464,70.69,3.7368,7.15,0.8022,394936.23,0.6899,1.4817
2,1.5,1.9,2.15,100,false,397,75.06,3.7292,8.65,0.6806,145010.88,0.7020,1.3629
4,1.5,1.85,2.06,100,false,492,75.61,3.7218,3.94,0.6639,253678.26,0.7014,1.3442
5,1.5,1.95,2.15,100,false,462,75.76,3.7153,4.90,0.6583,203067.58,0.7009,1.3369
3,1.5,1.9,2.1,100,false,464,75.65,3.6958,6.14,0.6565,204071.28,0.6974,1.3304
4,2.5,1.95,2.1,100,false,461,65.51,3.6911,7.73,0.9282,676475.48,0.6620,1.5804
2,2,1.85,2.06,100,false,412,69.17,3.6696,6.61,0.8229,283943.23,0.6756,1.4821
1,3,1.95,2.15,100,false,234,59.40,3.6499,5.85,1.0758,118226.52,0.6263,1.6884
3,2.5,1.95,2.1,100,false,445,65.17,3.6412,8.74,0.9200,563545.66,0.6541,1.5588
5,2,1.9,2.06,100,false,485,70.10,3.6244,4.90,0.7846,428527.23,0.6723,1.4350
2,3,1.9,2.06,100,false,397,60.20,3.6079,11.36,1.0379,571364.43,0.6257,1.6452
6,1.5,1.85,2.06,100,false,538,74.91,3.5998,2.97,0.6524,322586.35,0.6812,1.3023
3,1.5,1.95,2.15,100,false,445,74.83,3.5366,4.90,0.6384,166413.56,0.6708,1.2726
1,3,1.9,2.1,100,false,236,58.47,3.5153,5.94,1.0445,112196.41,0.6057,1.6208
6,2.5,1.95,2.1,100,false,479,64.09,3.4830,5.85,0.8916,669687.77,0.6285,1.4879
5,1.5,1.9,2.1,100,false,485,74.43,3.4590,6.10,0.6287,204429.87,0.6579,1.2434
6,2,1.9,2.06,100,false,500,69.00,3.4560,5.91,0.7613,428480.48,0.6437,1.3674
1,2.5,1.85,2.1,100,false,241,61.83,3.4537,6.79,0.9367,92013.04,0.6149,1.5160
4,2.5,1.9,2.06,100,false,477,63.31,3.4027,6.79,0.8815,626601.21,0.6144,1.4553
5,2.5,1.95,2.1,100,false,462,63.64,3.3962,6.96,0.8713,525794.74,0.6152,1.4449
6,1.5,1.95,2.15,100,false,479,73.49,3.3070,4.90,0.6117,181480.71,0.6309,1.1879
5,2.5,1.9,2.06,100,false,485,62.06,3.2197,5.85,0.8421,555540.58,0.5840,1.3672
3,1.5,1.85,2.1,100,false,492,71.75,3.1645,4.90,0.6115,195777.84,0.6041,1.1505
4,2,1.9,2.1,100,false,477,66.04,3.1619,6.79,0.7342,315882.52,0.5896,1.2599
6,1.5,1.9,2.1,100,false,500,72.40,3.1288,4.90,0.5875,182679.74,0.5986,1.1184
1,2,1.85,2.15,100,false,241,64.32,3.1250,4.23,0.7583,60503.67,0.5785,1.2694
4,2,1.95,2.15,100,false,461,65.73,3.1204,6.79,0.7267,271819.94,0.5820,1.2414
2,2.5,1.95,2.15,100,false,388,60.05,3.0887,8.65,0.8344,240730.76,0.5572,1.3202
3,2.5,1.9,2.06,100,false,464,60.78,3.0636,7.08,0.8094,401250.07,0.5559,1.2924
5,1.5,1.9,2.15,100,false,485,71.13,3.0616,4.90,0.5951,173361.52,0.5853,1.1077
4,1.5,1.9,2.15,100,false,477,71.07,3.0560,6.79,0.5948,165160.79,0.5840,1.1059
2,2.5,1.85,2.06,100,false,412,59.47,3.0409,9.56,0.8273,284429.18,0.5479,1.2994
5,3,1.95,2.1,100,false,462,56.28,3.0380,8.97,0.8911,565507.76,0.5340,1.3476
3,2,1.85,2.06,100,false,492,64.84,3.0340,7.73,0.7152,320505.47,0.5656,1.2061
4,3,1.95,2.1,100,false,461,56.18,3.0339,7.73,0.8912,560714.64,0.5326,1.3463
4,1.5,1.85,2.1,100,false,492,70.73,3.0068,5.85,0.5873,173873.23,0.5746,1.0857
5,2,1.9,2.1,100,false,485,64.74,2.9819,5.85,0.6988,282030.21,0.5569,1.1768
5,2,1.95,2.15,100,false,462,64.72,2.9806,6.26,0.6988,240714.52,0.5567,1.1764
2,2.5,1.9,2.1,100,false,397,58.94,2.9500,10.47,0.8006,226785.88,0.5323,1.2495
5,1.5,1.85,2.1,100,false,512,70.31,2.9469,3.94,0.5780,186148.73,0.5633,1.0608
3,3,1.95,2.1,100,false,445,55.28,2.9308,8.89,0.8634,431228.80,0.5143,1.2912
1,2.5,1.9,2.15,100,false,236,57.63,2.9090,6.59,0.8089,65096.82,0.5212,1.2427
2,1.5,1.85,2.15,100,false,412,69.42,2.9028,7.25,0.5819,106763.78,0.5539,1.0523
2,2,1.85,2.1,100,false,412,63.11,2.8856,8.65,0.6956,168066.10,0.5362,1.1453
5,2,1.85,2.06,100,false,512,63.67,2.8787,4.35,0.6825,312306.81,0.5366,1.1323
3,2,1.95,2.15,100,false,445,63.82,2.8734,9.32,0.6778,195051.22,0.5359,1.1268
6,3,1.95,2.1,100,false,479,54.70,2.8680,10.18,0.8462,529636.30,0.5028,1.2573
5,3,1.9,2.06,100,false,485,54.43,2.8616,5.89,0.8483,561686.77,0.5011,1.2567
6,2.5,1.9,2.06,100,false,500,59.00,2.8490,5.96,0.7581,413861.82,0.5165,1.1839
6,2,1.95,2.15,100,false,479,63.47,2.8352,11.27,0.6705,236330.23,0.5284,1.1093
3,2,1.9,2.1,100,false,464,63.36,2.8196,7.87,0.6666,210301.43,0.5254,1.1014
2,2,1.9,2.15,100,false,397,62.22,2.7775,10.47,0.6716,137890.35,0.5152,1.0926
4,3,1.9,2.06,100,false,477,53.46,2.7555,7.73,0.8170,453126.10,0.4812,1.1976
2,3,1.9,2.1,100,false,397,52.14,2.7122,10.47,0.8194,240568.35,0.4697,1.1845
4,2,1.85,2.06,100,false,492,62.20,2.7023,7.73,0.6435,225543.19,0.5017,1.0466
3,3,1.9,2.06,100,false,464,52.80,2.6924,11.36,0.7988,375349.67,0.4690,1.1627
3,2.5,1.85,2.06,100,false,492,56.30,2.6887,8.64,0.7380,351743.33,0.4815,1.1163
6,2,1.9,2.1,100,false,500,61.80,2.6418,5.85,0.6272,218748.87,0.4897,1.0147
1,3,1.85,2.1,100,false,241,50.62,2.6415,6.79,0.8105,67364.61,0.4529,1.1535
3,1.5,1.9,2.15,100,false,464,67.89,2.6350,8.91,0.5250,110711.88,0.5001,0.9265
6,1.5,1.9,2.15,100,false,500,67.80,2.6282,5.85,0.5243,132910.28,0.4987,0.9239
3,2,1.85,2.1,100,false,492,60.77,2.6271,7.10,0.6383,219326.78,0.4845,1.0191
6,1.5,1.85,2.1,100,false,538,67.66,2.6152,5.85,0.5224,160128.53,0.4959,0.9186
2,3,1.85,2.06,100,false,412,50.97,2.6131,9.65,0.7909,241183.17,0.4500,1.1295
2,2,1.85,2.15,100,false,412,59.71,2.5688,9.56,0.6321,129270.37,0.4713,0.9958
2,2.5,1.85,2.1,100,false,412,54.61,2.5682,9.56,0.7118,176829.15,0.4558,1.0565
5,2.5,1.95,2.15,100,false,462,55.41,2.5648,8.65,0.6977,235528.30,0.4579,1.0449
2,3,1.95,2.15,100,false,388,50.52,2.5411,10.47,0.7626,179845.03,0.4368,1.0841
1,3,1.9,2.15,100,false,236,49.15,2.4990,5.85,0.7622,57810.45,0.4250,1.0689
6,2,1.85,2.06,100,false,538,60.04,2.4773,5.85,0.5904,226859.29,0.4545,0.9339
5,2.5,1.9,2.1,100,false,485,54.43,2.4673,7.75,0.6686,239500.06,0.4376,0.9905
3,1.5,1.85,2.15,100,false,492,65.65,2.4549,7.67,0.4998,112895.61,0.4604,0.8527
4,2.5,1.9,2.1,100,false,477,54.30,2.4526,7.73,0.6639,222236.77,0.4344,0.9820
4,2.5,1.95,2.15,100,false,461,54.23,2.4480,8.69,0.6627,199217.77,0.4334,0.9796
2,2.5,1.9,2.15,100,false,397,53.40,2.4452,10.47,0.6735,136897.72,0.4306,0.9865
1,2.5,1.85,2.15,100,false,241,52.70,2.4356,6.54,0.6791,49573.57,0.4266,0.9874
6,3,1.9,2.06,100,false,500,49.80,2.3886,12.21,0.6971,300104.51,0.4085,0.9839
3,3,1.85,2.06,100,false,492,48.17,2.3492,11.36,0.6993,285884.69,0.3964,0.9713
3,2.5,1.9,2.1,100,false,464,53.02,2.3358,13.05,0.6276,172690.03,0.4092,0.9156
5,1.5,1.85,2.15,100,false,512,64.45,2.3283,5.62,0.4722,108202.93,0.4317,0.7920
5,2,1.85,2.1,100,false,512,57.62,2.3046,7.13,0.5529,160884.90,0.4149,0.8493
3,2.5,1.95,2.15,100,false,445,52.58,2.2937,9.45,0.6134,144349.03,0.4000,0.8908
5,2,1.9,2.15,100,false,485,57.11,2.2551,7.73,0.5383,129464.87,0.4036,0.8219
5,2.5,1.85,2.06,100,false,512,51.95,2.2526,7.73,0.6018,203274.76,0.3904,0.8682
4,2,1.9,2.15,100,false,477,57.02,2.2460,8.14,0.5355,122478.52,0.4014,0.8168
4,2,1.85,2.1,100,false,492,56.91,2.2350,7.73,0.5322,130377.82,0.3989,0.8107
4,1.5,1.85,2.15,100,false,492,63.41,2.2233,7.73,0.4475,87355.09,0.4068,0.7399
3,2.5,1.85,2.1,100,false,492,50.81,2.2155,12.02,0.5979,176841.74,0.3800,0.8525
3,3,1.9,2.1,100,false,464,46.55,2.1857,14.52,0.6338,174807.01,0.3616,0.8669
4,2.5,1.85,2.06,100,false,492,51.22,2.1848,8.42,0.5780,160798.76,0.3750,0.8275
2,3,1.85,2.1,100,false,412,45.63,2.1678,10.47,0.6349,127153.21,0.3556,0.8611
6,2.5,1.9,2.1,100,false,500,51.00,2.1586,10.42,0.5677,159909.75,0.3691,0.8110
6,2.5,1.85,2.06,100,false,538,50.56,2.1396,12.14,0.5635,192829.69,0.3641,0.8013
6,2.5,1.95,2.15,100,false,479,50.52,2.1158,16.46,0.5521,132136.53,0.3591,0.7849
1,3,1.85,2.15,100,false,241,44.40,2.1074,19.84,0.6158,42229.82,0.3403,0.8258
6,2,1.85,2.1,100,false,538,55.20,2.0967,8.66,0.4913,133071.52,0.3654,0.7340
3,2,1.9,2.15,100,false,464,55.17,2.0879,12.24,0.4877,91695.07,0.3634,0.7284
2,2.5,1.85,2.15,100,false,412,48.79,2.0865,9.56,0.5565,93410.45,0.3488,0.7776
2,3,1.9,2.15,100,false,397,44.58,2.0771,10.47,0.5969,99787.86,0.3351,0.8018
4,3,1.85,2.06,100,false,492,45.12,2.0720,12.61,0.5883,166302.36,0.3355,0.7941
3,2,1.85,2.15,100,false,492,54.07,2.0485,10.72,0.4816,101597.64,0.3525,0.7106
3,3,1.95,2.15,100,false,445,44.94,2.0466,12.03,0.5762,120594.22,0.3300,0.7766
4,3,1.95,2.15,100,false,461,44.90,2.0387,12.23,0.5723,129584.11,0.3283,0.7710
4,3,1.9,2.1,100,false,477,44.86,2.0343,12.20,0.5703,140293.35,0.3273,0.7680
5,3,1.95,2.15,100,false,462,44.81,2.0321,12.35,0.5697,128735.93,0.3268,0.7668
6,1.5,1.85,2.15,100,false,538,60.78,1.9964,7.50,0.3908,78832.91,0.3496,0.6240
4,2.5,1.85,2.1,100,false,492,48.17,1.9880,14.48,0.5121,116244.71,0.3263,0.7113
3,3,1.85,2.1,100,false,492,43.29,1.9806,12.13,0.5561,141716.00,0.3120,0.7384
3,2.5,1.9,2.15,100,false,464,47.41,1.9353,12.78,0.4918,92049.91,0.3128,0.6782
5,3,1.85,2.06,100,false,512,43.36,1.9310,12.47,0.5274,136794.79,0.3019,0.7007
5,3,1.9,2.1,100,false,485,43.51,1.9282,14.05,0.5244,117541.18,0.3017,0.6976
6,2,1.9,2.15,100,false,500,53.00,1.9163,9.56,0.4307,81957.49,0.3194,0.6282
4,2.5,1.9,2.15,100,false,477,47.17,1.9107,12.17,0.4811,93129.97,0.3067,0.6619
5,2.5,1.85,2.1,100,false,512,47.07,1.9057,9.42,0.4794,108735.10,0.3055,0.6590
4,2,1.85,2.15,100,false,492,51.83,1.8687,8.65,0.4184,74536.94,0.3058,0.6029
6,3,1.95,2.15,100,false,479,42.59,1.8634,13.93,0.4957,99455.23,0.2852,0.6542
6,3,1.9,2.1,100,false,500,42.20,1.8371,15.95,0.4838,103685.54,0.2783,0.6364
6,3,1.85,2.06,100,false,538,42.01,1.8343,13.76,0.4838,123770.86,0.2773,0.6353
5,2,1.85,2.15,100,false,512,51.17,1.8232,8.90,0.4020,74351.72,0.2934,0.5752
3,2.5,1.85,2.15,100,false,492,44.92,1.7922,12.81,0.4364,80100.07,0.2742,0.5880
2,3,1.85,2.15,100,false,412,40.29,1.7850,18.52,0.4687,64342.54,0.2621,0.6066
5,2.5,1.9,2.15,100,false,485,45.36,1.7772,15.84,0.4246,73628.66,0.2715,0.5745
6,2.5,1.85,2.1,100,false,538,44.61,1.7309,15.42,0.4049,82357.68,0.2585,0.5440
4,3,1.85,2.1,100,false,492,39.63,1.6993,19.06,0.4221,73721.66,0.2404,0.5433
6,2.5,1.9,2.15,100,false,500,43.80,1.6748,18.99,0.3792,62473.11,0.2426,0.5059
6,2,1.85,2.15,100,false,538,48.88,1.6681,18.04,0.3415,59518.99,0.2488,0.4776
4,3,1.9,2.15,100,false,477,38.57,1.6249,19.09,0.3838,57864.65,0.2197,0.4898
3,3,1.9,2.15,100,false,464,38.15,1.6007,12.18,0.3716,52117.68,0.2126,0.4724
4,2.5,1.85,2.15,100,false,492,42.07,1.5932,15.66,0.3436,50893.19,0.2179,0.4515
5,3,1.85,2.1,100,false,512,37.89,1.5827,10.61,0.3619,58878.89,0.2075,0.4593
6,3,1.85,2.1,100,false,538,37.73,1.5732,10.30,0.3569,62721.39,0.2046,0.4523
3,3,1.85,2.15,100,false,492,36.59,1.5311,15.19,0.3368,48494.91,0.1913,0.4229
5,2.5,1.85,2.15,100,false,512,41.02,1.5282,9.33,0.3115,46173.51,0.1980,0.4056
5,3,1.9,2.15,100,false,485,36.91,1.5152,18.70,0.3251,44912.84,0.1876,0.4093
6,2.5,1.85,2.15,100,false,538,39.96,1.4637,14.71,0.2784,41801.73,0.1776,0.3593
5,3,1.85,2.15,100,false,512,34.77,1.4154,12.30,0.2710,37021.61,0.1556,0.3355
6,3,1.9,2.15,100,false,500,35.20,1.4093,23.22,0.2652,34952.39,0.1544,0.3295
4,3,1.85,2.15,100,false,492,34.35,1.3859,23.43,0.2533,32276.11,0.1461,0.3126
6,3,1.85,2.15,100,false,538,33.83,1.3569,15.26,0.2361,32851.83,0.1365,0.2903